{
  "metrics": {
    "AP25": 0.332681,
    "AP50": 0.207629,
    "AP75": 0.036314,
    "AP50-95": 0.071727,
    "recall": 0.102135,
    "coco_ar_iou25": 0.331641,
    "coco_precision_r50_iou25": 0.0,
    "coco_fdr_r50_iou25": 1.0,
    "coco_ar_iou50": 0.240146,
    "coco_precision_r50_iou50": 0.0,
    "coco_fdr_r50_iou50": 1.0,
    "coco_ar_iou75": 0.074738,
    "coco_precision_r50_iou75": 0.0,
    "coco_fdr_r50_iou75": 1.0,
    "precision_iou25": 0.964621,
    "recall_iou25": 0.236256,
    "fdr_iou25": 0.035379,
    "precision_iou50": 0.76417,
    "recall_iou50": 0.187161,
    "fdr_iou50": 0.23583,
    "precision_iou75": 0.265627,
    "recall_iou75": 0.065058,
    "fdr_iou75": 0.734373,
    "precision": 0.76417,
    "fdr": 0.23583
  },
  "notes": [
    "Quality: scripts/eval_coco_predictions.py \u2014 COCOeval bbox on --gt-json/--dt-json; recall=COCO AR maxDets=100 IoU=0.50:0.95; coco_ar_iou25/50/75 + coco_precision_r*_iou* + coco_fdr_* from official pycocotools tensors (PR recall grid=0.5); AP25 extra eval IoU=[0.25]; greedy P/R/FDR score>=0.5, IoUs [0.25, 0.5, 0.75]; legacy precision/fdr greedy @ IoU=0.5."
  ]
}